institution,title,project_url,functioning_website,website_not_found,not_redirected_website,partially_unaccessible_website,new_website_url,url_showcase,url_showcase_working,url_landing_page,url_landing_working,provenance,knot_uri,notes,url_first_seen,url_last_seen
Treccani,VOCABO,,FALSE,TRUE,FALSE,FALSE,,https://www.treccani.it/magazine/lingua_italiana/speciali/VocaBO/2_Pani.html,TRUE,,FALSE,Italian DH Institutions,,,,
Università di Catania,Varianti della rosa,,FALSE,TRUE,FALSE,FALSE,,https://www.variantidellarosa.it/,TRUE,,FALSE,AIUCD,,,,
FBK- Fondazione Bruno Kessler,university research funding patent,,FALSE,TRUE,FALSE,FALSE,,https://dh.fbk.eu/2020/11/university-research-funding-patenting-and-technological-impact/,TRUE,,FALSE,Italian DH Institutions,,,,
,"TrebleCLEF: Evaluation, Best Practices and Collaboration for Multilingual Access",https://www.multimatch.org/,FALSE,FALSE,FALSE,FALSE,,https://www.trebleclef.eu/,TRUE,,FALSE,IRCDL,,,,
,TRANSSCRIPT,,FALSE,TRUE,FALSE,FALSE,,https://anr.fr/Project-ANR-14-CE31-0022,TRUE,,FALSE,AIUCD,,https protocol outdated,,
Università di Udine,"Toward an Audio Digital Library 2.0: SMASH, a Social Music Archive of SHellac Phonographic Discs",https://avires.dimi.uniud.it/tmp/DL/Experimental_Results.html,FALSE,FALSE,FALSE,FALSE,,,FALSE,,FALSE,IRCDL,,https protocol outdated,2024-04-15 09:19:38,2024-04-16 19:25:36
Università Ca' Foscari Venezia,The Sound of St Mark's,http://vmo.unive.it/choirbooks/,FALSE,FALSE,FALSE,FALSE,,,,,,KNOT,http://purl.org/knot/data/sound-stmark-project,,2018-04-30 07:50:10,2024-07-23 23:58:09
Università di Parma,The nuncio's secret archives,,FALSE,TRUE,FALSE,FALSE,,https://nsa.unipr.it,TRUE,,FALSE,Italian DH Institutions,,,,
,"The European Project OpenUP: OPENing UP new Methods, Indicators and Tools for Peer Review, Impact Measurement and Dissemination of Research Results",https://www.openuphub.eu/,FALSE,FALSE,FALSE,FALSE,,,FALSE,,FALSE,IRCDL,,Adobe Flash Player not working,2017-06-05 00:00:23,2024-12-03 13:57:52
,The digital lab of “crunched books”: explore and annotate the classics,http://cbook.it/en/,FALSE,FALSE,FALSE,FALSE,,,FALSE,,FALSE,DH Awards,,,2015-02-22 12:00:23,2023-06-06 02:48:39
,"The Challenges of Building Ex Libris Rosetta, a Digital Preservation System",https://exlibrisgroup.com/products/rosetta-digital-asset-management-and-preservation/,FALSE,FALSE,TRUE,FALSE,https://knowledge.exlibrisgroup.com/Rosetta,,FALSE,,FALSE,IRCDL,,https protocol outdated,2018-02-03 22:25:00,2023-03-28 02:35:16
Università di Parma,Tebtynis: fragmentary voices from the past,http://www.papirologia.unipr.it/ricerca/CPGM/index.html,FALSE,FALSE,TRUE,FALSE,http://www.papirologia.unipr.it/ricerca/tebtynis.html,,FALSE,,FALSE,Italian DH Institutions,,,,
Università di Bologna,studiolo belfiore,https://studiolobelfiore.unibo.it/,FALSE,FALSE,TRUE,FALSE,https://framelab.unibo.it/vt/studiolodibelfiore/Studiolo%20di%20Belfiore.html,,,,,KNOT,http://purl.org/knot/data/belfiore-project,,2022-01-09 21:57:51,2024-12-03 12:46:14
"Università degli Studi ""L'Orientale"" di Napoli",śivadharma database,,FALSE,TRUE,FALSE,FALSE,,https://shivadharmaproject.com/the-sivadhama-infrastructure-modeling-a-web-application-for-managing-scholarly-data/,TRUE,,FALSE,Italian DH Institutions,,search by keywords not working,,
,SACHER: Smart Architecture for Cultural Heritage in Emilia Romagna,http://www.sacherproject.com/,FALSE,FALSE,FALSE,FALSE,,,FALSE,,FALSE,IRCDL,,,2018-04-26 17:11:47,2023-06-09 00:49:10
Università degli studi di Padova,ROADS,,FALSE,TRUE,FALSE,FALSE,,https://csc.dei.unipd.it/roads-project/index.html,TRUE,,FALSE,Italian DH Institutions,,404 page not found,,
"SISSA, Università di Udine, Università di Trieste",Regional Research Portal FVG: an OpenScience portal,https://research.unityfvg.it/,FALSE,FALSE,FALSE,FALSE,,,FALSE,,FALSE,IRCDL,,,2018-01-20 19:44:41,2024-03-29 04:03:45
Università Ca' Foscari Venezia,Ramusio,http://virgo.unive.it/ecf-workflow/books/Ramusio/main/intro.html,FALSE,FALSE,FALSE,FALSE,,,,,,KNOT,http://purl.org/knot/data/elec-ramusio-project,,2015-08-29 08:43:51,2023-10-28 17:41:44
Università di Pisa,Progetto TraMonti,http://www.tramontivaldivara.it/,FALSE,FALSE,TRUE,FALSE,https://tramonti.labcd.unipi.it/,,FALSE,,FALSE,DH Awards,,https protocol outdated,2013-02-03 03:21:43,2019-11-20 16:28:37
,Predicting the Usability of the Dice CAPTCHA via Artificial Neural Network,https://sites.google.com/site/sites/system/errors/WebspaceNotFound?path=%2Falessiaamelio%2F+software-tools%2Fdice-captcha-dataset.,FALSE,FALSE,FALSE,FALSE,,,FALSE,,FALSE,IRCDL,,,,
,Petrarca itinera,https://petrarchsitinera.github.io/,FALSE,FALSE,FALSE,FALSE,,,FALSE,,TRUE,AIUCD,,,2023-06-05 04:07:41,2023-06-05 04:09:40
Università di Bari,"Personalization in Digital Libraries: An Intelligent Service based on Semantic User Profiles
",http://193.204.187.223:8080/iswc rebuild/,FALSE,FALSE,FALSE,FALSE,,,FALSE,,FALSE,IRCDL,,,2007-02-19 13:00:44,NOTPROVIDED
Università Ca' Foscari Venezia; Università degli studi di Udine.,PedeCerto - metrica latina digitale,https://www.pedecerto.eu/public/,FALSE,FALSE,TRUE,FALSE,https://www.pedecerto.eu/,,,,,KNOT,http://purl.org/knot/data/pedecerto-project,,2020-02-19 13:00:44,2024-11-28 11:51:56
,Parthenos Project,,FALSE,TRUE,FALSE,FALSE,,http://www.parthenos-project.eu/,TRUE,,FALSE,Italian DH Institutions,,,,
,Open Philology Project,http://openphilology.org/,FALSE,FALSE,FALSE,FALSE,,,FALSE,,FALSE,AIUCD,,https protocol outdated,,
,NumET,https://nuovomedioevo.it/numet-2/,FALSE,FALSE,FALSE,FALSE,,,FALSE,,FALSE,DH Awards,,,2018-03-30 09:25:10,2021-10-22 16:05:12
ISTI-CNR,MultiMatch: A New Way to Access Cultural Heritage Information across Media and Language Boundaries,http://multimatch01.isti.cnr.it/,FALSE,FALSE,FALSE,FALSE,,http://www.multimatch.eu/,TRUE,,FALSE,IRCDL,,,,
Università Ca' Foscari Venezia,Marchio Angeli’s Inventory,http://vmo.unive.it/inventory1720/,FALSE,FALSE,FALSE,FALSE,,,,,,KNOT,http://purl.org/knot/data/marchio-angeli-project,,2020-05-16 03:09:03,2024-11-29 22:43:57
ILC-CNR,Lemlat,,FALSE,FALSE,FALSE,FALSE,,http://www.lemlat3.eu/,TRUE,,FALSE,Italian DH Institutions,,credentials needed,,
,Historical Digital Archive and Geo-referenced Contents of the Francigena Librari Web Portal,http://www.francigena.beniculturali.it/web/valit/il-progetto,FALSE,FALSE,TRUE,FALSE,https://www.viefrancigene.org/,,FALSE,,FALSE,IRCDL,,"it's not possible to download, visualize metadata or texts",2012-12-22 08:06:53,2015-07-07 01:31:20
,GRASPOS,,FALSE,TRUE,FALSE,FALSE,,https://graspos.eu/,TRUE,,FALSE,Italian DH Institutions,,,,
Scuola Normale Superiore,Galassia Ariosto,http://galassiaariosto.sns.it/,FALSE,FALSE,FALSE,FALSE,,,FALSE,,FALSE,DH Awards,,,2017-09-30 16:52:43,2020-11-27 08:13:09
,FrancoBuffoni,,FALSE,TRUE,FALSE,FALSE,,https://www.francobuffoni.it/,TRUE,,FALSE,AIUCD,,,,
Jozef Pilsudski Institute of America; Università di Sassari,Exploring Semantic Archival Collections: The Case of Piłsudski Institute of America,http://arkivo-ontology.org/,FALSE,FALSE,TRUE,FALSE,https://github.com/ArkivoTeam/ARKIVO,,FALSE,,FALSE,IRCDL,,,2018-02-03 09:33:03,2018-07-27 16:21:12
ISTC-CNR,Epigraphs of Castello Ursino Museum,,FALSE,TRUE,FALSE,FALSE,,http://epicum.istc.cnr.it/,TRUE,,FALSE,AIUCD,,javascript not working,,
Università di Cagliari,Emodsar,http://corpora.unica.it/TEITOK/emodsar,FALSE,FALSE,FALSE,FALSE,,,FALSE,,FALSE,AIUCD,,,2022-01-20 08:37:13,2023-09-25 00:54:34
,Elisa Chimenti,,FALSE,TRUE,FALSE,FALSE,,,FALSE,https://www.elisachimenti.org/accueildef.html,FALSE,AIUCD,,https protocol outdated,,
,EdMuse,https://edmuse.eu/edmuse-platform/,FALSE,FALSE,FALSE,FALSE,,http://edmuse.eu/it/index.html,FALSE,,FALSE,Italian DH Institutions,,,2017-12-15 04:18:47,2024-06-15 00:14:27
Università Ca' Foscari Venezia,EDF,http://edf.unive.it/,FALSE,FALSE,FALSE,FALSE,,,FALSE,,FALSE,Italian DH Institutions,,,2019-09-09 13:09:34,2024-06-17 09:14:48
"Università degli studi di Roma ""La Sapienza""; Università degli Studi di Roma ""Tor Vergata""; Università degli Studi Roma Tre; Università degli Studi di Cassino e del Lazio Meridionale; Università degli Studi della Tuscia; CNR; ENEA; INFN",Ecodigit,https://ecodigit.dtclazio.it/,FALSE,FALSE,FALSE,FALSE,,https://dtclazio.it/progetto-ecodigit,TRUE,,FALSE,AIUCD,,,2020-11-28 18:52:12,2023-03-20 16:56:11
"Istituto di Linguistica Computazionale ""A. Zampolli"" (ILC-CNR)",CWALM,,FALSE,TRUE,FALSE,FALSE,,https://cwalm.ilc.cnr.it/,TRUE,,FALSE,Italian DH Institutions,,,,
"Istituto di Linguistica Computazionale ""A. Zampolli"" (ILC-CNR)",Creta Inscriptions,https://ilc4clarin.ilc.cnr.it/cretaninscriptions,FALSE,FALSE,FALSE,FALSE,,,FALSE,,FALSE,Italian DH Institutions,,,2021-05-20 15:47:12,2023-05-20 14:16:35
Università di Bologna,Corago LOD,http://corago.unibo.it/lod,FALSE,FALSE,TRUE,FALSE,http://coragolod1.ing.unibo.it:8080/corago/,,,,,KNOT,http://purl.org/knot/data/corago-lod-project,,2022-06-07 08:53:46,2022-12-08 05:13:43
Università degli studi di Padova,CLEF Ad-hoc: A Perspective on the Evolution of the Cross-Language Evaluation Forum,http://ims.dei.unipd.it/gridclef/,FALSE,FALSE,FALSE,FALSE,,,FALSE,,FALSE,IRCDL,,,2008-11-09 07:48:28,2015-06-29 16:09:11
,Clavius Correspondence,http://claviusontheweb.it/lod,FALSE,FALSE,FALSE,FALSE,,,FALSE,,FALSE,AIUCD,,,2022-01-19 23:34:09,2022-01-20 18:11:23
ISTC-CNR,BelliniInRete,,FALSE,TRUE,FALSE,FALSE,,http://bellininrete.istc.cnr.it/,TRUE,,FALSE,AIUCD,,unreachable website,,
CNR; Università di Bologna,Atlas,https://dh-atlas.github.io/deliverables.html,FALSE,TRUE,FALSE,FALSE,,,FALSE,,FALSE,Italian DH Institutions,,,,
Università di Siena; ILC-CNR,Archivio ViVo,,FALSE,TRUE,FALSE,FALSE,,https://www.clarin-it.it/it/content/archivio-vivo,TRUE,,FALSE,Italian DH Institutions,,page not found,,
"Università degli studi di Roma ""La Sapienza""",Archivio storico fotografico Adolfo Venturi,https://digilab.uniroma1.it/risorse/archivio-storico-fotografico,FALSE,FALSE,FALSE,FALSE,,,FALSE,,FALSE,Italian DH Institutions,,,2022-06-25 04:21:47,2024-06-16 02:06:21
,Archilochus,,FALSE,TRUE,FALSE,FALSE,,https://www.clarin.eu/content/archilochus-paros-elegiac-fragments-xml-archive,TRUE,,FALSE,Italian DH Institutions,,,,
,Archaide,http://www.archaide.eu/,TRUE,FALSE,FALSE,FALSE,,,,,,KNOT,http://purl.org/knot/data/archaide-project,credentials needed,2017-01-16 07:46:50,2024-01-27 00:49:54
,Annote: A Serious Game for Medical Students to Approach Lesion Skin Images of a Digital Library,https://imagelab.ing.unimore.it/annoteProject,FALSE,FALSE,FALSE,FALSE,,,FALSE,,FALSE,IRCDL,,,,
Università degli studi di Padova,An IT Support for an Exhibition of Illuminated Manuscripts,https://ipsa.dei.unipd.it/,FALSE,TRUE,TRUE,FALSE,https://ipsa.beniculturali.unipd.it/ipsa-web/?null=null&language=it,,FALSE,,FALSE,IRCDL,,,2013-01-17 08:22:14,2021-03-02 15:44:47
,AMiGre,,FALSE,TRUE,FALSE,FALSE,,http://amigre.upatras.gr/,TRUE,,FALSE,AIUCD,,,,
Università di Udine,A Research Tool for the ERC-Funded EMoBookTrade project,http://emobooktrade.uniud.it/,FALSE,FALSE,TRUE,FALSE,https://emobooktrade.unimi.it/,,FALSE,,FALSE,IRCDL,,,2017-08-06 02:49:11,2020-05-20 07:50:03
Università di Bologna,zeri e lode,http://data.fondazionezeri.unibo.it/,TRUE,FALSE,FALSE,TRUE,,,FALSE,,FALSE,Italian DH Institutions,,,2016-06-20 13:45:22,2025-01-04 04:17:26
I Tatti - The Harvard University. Center For Italian Renaissance Studies,Yashiro,https://yashiro.itatti.harvard.edu/,TRUE,FALSE,FALSE,FALSE,,,FALSE,,FALSE,Italian DH Institutions,,page not found,2015-07-15 00:33:04,2024-12-27 23:18:13
Università degli studi Modena e Reggio Emilia,XDOCS: an Application to Index Historical Documents,https://aimagelab.ing.unimore.it/imagelab/project.asp?idprogetto=59,TRUE,FALSE,FALSE,TRUE,,,FALSE,,FALSE,IRCDL,,,2020-08-09 05:50:23,2024-04-21 20:54:27
Università Cattolica del Sacro Cuore of Milano,Word formation latin,https://progetti.unicatt.it/progetti-Milano-wfl-home,TRUE,FALSE,FALSE,FALSE,,http://wfl.marginalia.it,TRUE,,FALSE,Italian DH Institutions,,,2016-06-15 21:24:21,2023-06-03 01:33:43
Bibliotheca Hertziana,WissensGeschichte,https://wissensgeschichte.biblhertz.it/Glossario,TRUE,FALSE,FALSE,FALSE,,,FALSE,,FALSE,Italian DH Institutions,,,2005-03-05 23:26:21,2024-11-30 20:15:46
Università di Bologna,WaCky - The Web-As-Corpus Kool Yinitiative,https://wacky.sslmit.unibo.it/,TRUE,FALSE,FALSE,FALSE,,,,,,KNOT,http://purl.org/knot/data/wacky-project,,2005-03-05 22:32:52,2024-12-22 14:24:20
Kunsthistoriches Institut in Florenz,virtual repository of photographers' sales catalogues,https://virtualphotothek.khi.fi.it/catalogues/publisher,TRUE,FALSE,FALSE,FALSE,,,FALSE,,FALSE,Italian DH Institutions,,,,
,Venezia Squeeze Project,https://www.e-stampages.eu/s/e-stampages/page/accueil,FALSE,FALSE,TRUE,FALSE,https://pric.unive.it/progetti/Venezia-squeeze-project/home,,FALSE,,FALSE,Italian DH Institutions,,,2019-02-20 07:22:29,2024-11-08 18:23:00
Università di Bologna,"VASTO - VArchi, STOria FIORENTINA",https://dharc-org.github.io/progetto-vasto/index.html,TRUE,FALSE,FALSE,FALSE,,,,,,KNOT,http://purl.org/knot/data/vasto-project,,2022-08-14 15:12:28,2024-07-11 17:55:44
Università di Bologna,vasto,https://dharc-org.github.io/progetto-vasto/,TRUE,FALSE,FALSE,FALSE,,,FALSE,,FALSE,Italian DH Institutions,,,2020-09-10 09:59:42,2024-07-11 17:55:44
Università degli studi di Padova; Università degli studi di Milano; Università di Siena,Varianti all’opera,https://www.variantiallopera.it/public/,TRUE,FALSE,FALSE,FALSE,,,,,,KNOT,http://purl.org/knot/data/varianti-opera-project,,2016-07-29 09:04:03,2024-12-28 12:53:48
Bibliotheca Hertziana,Urbs,https://dlib.biblhertz.it/urbs,TRUE,FALSE,FALSE,FALSE,,,FALSE,,FALSE,Italian DH Institutions,,,2024-07-30 11:16:29,2024-12-11 02:59:39
Università di Bologna,Upgrading History. Diaries from the War Front,https://projects.dharc.unibo.it/uhdw/,TRUE,FALSE,FALSE,FALSE,,,FALSE,,FALSE,Italian DH Institutions,,,2019-06-28 11:12:06,2024-11-18 02:08:15
,Unione Donne in Italia: digital library,https://archiviodigitale.udinazionale.org/,TRUE,FALSE,FALSE,FALSE,,,FALSE,,FALSE,Italian DH Institutions,,,2018-06-02 23:33:13,2024-11-22 19:21:15
,Tree of philosophers,https://treeofphilosophers.it/labels,TRUE,FALSE,FALSE,FALSE,,,FALSE,,FALSE,AIUCD,,,2024-12-13 04:56:27,2024-12-13 04:56:27
Università di Pisa,The Vercelli Book,http://vbd.humnet.unipi.it/beta2/,TRUE,FALSE,FALSE,FALSE,,,FALSE,,FALSE,Italian DH Institutions,,,2016-03-26 12:43:08,2024-12-13 03:23:06
Fondazione Enzo Franceschini,The TRAME Project - Text and Manuscript Transmission of the Middle Ages in Europe,http://git-trame.fefonlus.it/,TRUE,FALSE,FALSE,FALSE,,,FALSE,,FALSE,IRCDL,,,2014-11-22 09:41:28,2024-09-11 03:18:51
"The Edith O’Donnell Institute of Art History, The University of Texas at Dallas;
Centro per la Storia dell’Arte e dell’Architettura delle Città Portuali;
Museo e Real Bosco di Capodimonte;
Università degli Studi di Napoli Federico II;
Duke Trinity College of Arts & Sciences;
Digital Art History & Visual Culture Research Lab;
National Endowment for the Humanities;
International Center of Medieval Art (ICMA).",The medieval kingdom of Sicily: image database,https://koseodiah.org/mapofkingdom.php,TRUE,FALSE,FALSE,TRUE,,,FALSE,,FALSE,Italian DH Institutions,,,2024-08-09 06:52:16,2024-08-09 06:52:16
"The Edith O’Donnell Institute of Art History, The University of Texas at Dallas;
Centro per la Storia dell’Arte e dell’Architettura delle Città Portuali;
Museo e Real Bosco di Capodimonte;
Università degli Studi di Napoli Federico II;
Duke Trinity College of Arts & Sciences;
Digital Art History & Visual Culture Research Lab;
National Endowment for the Humanities;
International Center of Medieval Art (ICMA).",The Medieval Kingdom of Sicily Image Database,https://koseodiah.org/index.php,TRUE,FALSE,FALSE,FALSE,,,FALSE,,FALSE,AIUCD,,,2023-11-04 02:17:11,2025-01-01 21:59:28
Andrew W. Mellon Foundation,The Medici Archive Project,http://bia.medici.org/,TRUE,FALSE,FALSE,TRUE,,,FALSE,,FALSE,DH Awards,,,2012-12-31 16:41:31,2024-12-19 11:06:40
Andrew W. Mellon Foundation,The Falconieri Project,https://falconieri.medici.org/Mia/LoginUser.do,TRUE,FALSE,FALSE,TRUE,,,FALSE,,FALSE,Italian DH Institutions,,registration required,2020-10-25 22:19:50,2024-09-11 23:45:11
Istituto Pio Paschini per la Storia della Chiesa in Friuli,The Biographical Dictionary of Friulans -“Nuovo Liruti” On-Line,https://www.dizionariobiograficodeifriulani.it/,TRUE,FALSE,FALSE,FALSE,,,FALSE,,FALSE,IRCDL,,,2017-04-06 20:16:28,2025-01-05 03:34:00
Istituto Nazionale di Astrofisica,The AstroBID: Preserving and Sharing the Italian Astronomical Heritage.,www.beniculturali.inaf.it,TRUE,FALSE,FALSE,FALSE,,,FALSE,,FALSE,IRCDL,,,2015-09-26 14:37:51,2025-01-05 03:55:20
,The Archivio dei Possessori of the Biblioteca Nazionale Marciana. A Provenance Database,https://archiviopossessori.it/,TRUE,FALSE,FALSE,FALSE,,,FALSE,,FALSE,IRCDL,,,2021-07-14 13:31:41,2025-01-04 20:38:18
,The “Verbo-Visual Virtual” Platform,https://www.verbovisualevirtuale.org/,TRUE,FALSE,FALSE,TRUE,,,FALSE,,FALSE,AIUCD,,,2016-04-24 11:51:24,2024-11-27 12:05:22
,Stragi Nazifasciste,https://www.straginazifasciste.it/,TRUE,FALSE,FALSE,FALSE,,,FALSE,,FALSE,AIUCD,,,2016-04-10 06:52:57,2025-01-03 17:07:18
,Storia dei Carabinieri,https://www.spreaker.com/show/storia-dei-carabinieri,TRUE,FALSE,FALSE,TRUE,,,FALSE,,FALSE,DH Awards,,unaccessible website,2020-11-01 01:10:00,2023-10-05 08:35:21
Bibliotheca Hertziana,Staccioli,https://staccioli.biblhertz.it/resource/,TRUE,FALSE,FALSE,FALSE,,,FALSE,,FALSE,Italian DH Institutions,,,2024-04-14 01:51:27,2024-12-15 03:34:53
Bibliotheca Hertziana,Spatial,https://dlib.biblhertz.it/spatial/,TRUE,FALSE,FALSE,FALSE,,,FALSE,,FALSE,Italian DH Institutions,,,,
Bibliotheca Hertziana,Siena map,https://db.biblhertz.it/siena/siena.xql,TRUE,FALSE,FALSE,FALSE,,,FALSE,,FALSE,Italian DH Institutions,,,2019-01-14 14:24:44,2024-09-18 06:28:10
Regione Veneto,SIAR: A User-Centric Digital Archive System,https://siar.regione.veneto.it/,TRUE,FALSE,FALSE,FALSE,,,FALSE,,FALSE,IRCDL,,,2017-07-17 20:59:07,2024-12-19 01:11:02
Università di Pisa,SERICA,https://serica.unipi.it/,TRUE,FALSE,FALSE,FALSE,,,,,,KNOT,http://purl.org/knot/data/serica-project,,2022-09-04 17:16:37,2024-09-25 18:42:47
Università di Bologna,semantic digital edition of vespasiano da bisticci’s letters,http://projects.dharc.unibo.it/vespasiano/,TRUE,FALSE,FALSE,FALSE,,,FALSE,,FALSE,Italian DH Institutions,,,2020-12-04 15:42:31,2024-08-12 22:36:27
Università di Bologna,semantic digital edition of paolo bufalini’s notebook,http://projects.dharc.unibo.it/bufalini-notebook/,TRUE,FALSE,FALSE,FALSE,,,FALSE,,FALSE,Italian DH Institutions,,,2020-11-21 23:26:27,2024-11-27 03:31:22
Università di Pisa,S. Michele Arcangelo di Pegazzano,https://sanmichelepegazzano.labcd.unipi.it/,TRUE,FALSE,FALSE,FALSE,,,,,,KNOT,http://purl.org/knot/data/pegazzano-project,,2020-01-02 22:53:43,2024-09-19 13:37:48
I Tatti - The Harvard University. Center For Italian Renaissance Studies,RePIM - Repertorio della Poesia Italiana in Musica,https://repim.itatti.harvard.edu/resource/repim:formSearch,TRUE,FALSE,FALSE,FALSE,,,,,,KNOT,http://purl.org/knot/data/repim-project,,2023-06-07 17:44:19,2024-11-23 10:35:43
I Tatti - The Harvard University. Center For Italian Renaissance Studies,Repim,https://repim.itatti.harvard.edu/,TRUE,FALSE,FALSE,FALSE,,,FALSE,,FALSE,AIUCD,,,2022-01-20 21:30:05,2024-11-23 10:35:43
Università di Pisa,Registri Monterosso,https://registrimonterosso.labcd.unipi.it/,TRUE,FALSE,FALSE,FALSE,,,FALSE,,FALSE,AIUCD,,,2021-09-01 18:05:13,2024-09-15 04:10:06
Università degli studi di Padova,RDCI - Repertorio Digitale della Canzone Italiana,https://www.rdci.it/,TRUE,FALSE,FALSE,FALSE,,,,,,KNOT,http://purl.org/knot/data/repertorio-canzone-project,,2021-06-17 07:23:58,2024-11-23 16:34:45
Bibliotheca Hertziana,Rara,https://rara.biblhertz.it/,TRUE,FALSE,FALSE,FALSE,,,FALSE,,FALSE,Italian DH Institutions,,,2007-03-02 12:26:48,2024-12-29 21:49:56
Università di Bologna,Ragu project,https://raguproject.github.io/,TRUE,FALSE,FALSE,FALSE,,,FALSE,https://raguproject.github.io/,FALSE,AIUCD,,,,
Bibliotheca Hertziana,Project 3d Bridge,https://wissensgeschichte.biblhertz.it/3d-bridge-html/index3D.html,TRUE,FALSE,FALSE,FALSE,,,FALSE,,FALSE,Italian DH Institutions,,,2007-06-25 05:33:59,2009-01-19 14:11:43
Accademia della Crusca,Progetto viver,https://testi.progettoviver.it/,TRUE,FALSE,FALSE,FALSE,,,FALSE,,FALSE,AIUCD,,,2023-12-06 14:48:12,2024-11-15 00:19:51
Università di Verona,Progetto Mambrino,https://www.mambrino.it/it,TRUE,FALSE,FALSE,FALSE,,,FALSE,,FALSE,AIUCD,,at first it works but then an error 404 appears,2019-08-22 11:12:00,2024-12-04 09:24:39
Università di Catania,Poichilia,https://poichilia.unict.it,TRUE,FALSE,FALSE,FALSE,,,FALSE,,FALSE,Italian DH Institutions,,,2023-01-10 23:46:29,2024-08-13 15:17:15
Università di Catania,Pirandello nazionale,https://www.pirandellonazionale.it/opere/,TRUE,FALSE,FALSE,FALSE,,,FALSE,https://www.pirandellonazionale.it/,TRUE,AIUCD,,,2017-12-18 06:45:48,2024-06-24 16:59:26
Università di Bologna,philoeditor,http://projects.dharc.unibo.it/philoeditor/,TRUE,FALSE,FALSE,FALSE,,,FALSE,,FALSE,Italian DH Institutions,,ongoing project,2021-12-17 00:19:11,2024-08-06 10:08:33
I Tatti - The Harvard University. Center For Italian Renaissance Studies; University of Bologna; Kunsthistoriches Institut in Florenz; Bibliotheca Hertziana,Pharos,https://pharosartresearch.org/,TRUE,FALSE,FALSE,FALSE,,,FALSE,,FALSE,Italian DH Institutions,,access denied,2016-10-30 05:04:38,2025-01-05 00:59:40
Indiana University,Petrarchive,https://dcl.luddy.indiana.edu/petrarchive/,TRUE,FALSE,FALSE,FALSE,,,FALSE,,FALSE,AIUCD,,,2023-12-01 12:04:27,2025-01-03 21:39:48
Bibliotheca Hertziana,Perspectiva,https://dlib.biblhertz.it/perspectiva/,TRUE,FALSE,FALSE,TRUE,,,FALSE,,FALSE,Italian DH Institutions,,,,
Università di Pisa,Pelavicino,http://pelavicino.labcd.unipi.it/,TRUE,FALSE,FALSE,FALSE,,,FALSE,,FALSE,Italian DH Institutions,,,2015-12-25 00:43:10,2024-12-09 19:17:27
"Università degli studi di Roma ""La Sapienza""",PAThs - Archaeological Atlas of Coptic Literature,https://atlas.paths-erc.eu/,TRUE,FALSE,FALSE,FALSE,,,,,,KNOT,http://purl.org/knot/data/paths-project,,2019-02-25 10:44:01,2025-01-04 07:45:15
ICAr,PARTIGIANI D'ITALIA,https://partigianiditalia.cultura.gov.it/,TRUE,FALSE,FALSE,FALSE,,,,,,KNOT,http://purl.org/knot/data/partigiani-italia-project,,2022-12-10 14:40:07,2024-11-23 15:55:24
,Papyri.info,https://papyri.info/,TRUE,FALSE,FALSE,FALSE,,,FALSE,,FALSE,Italian DH Institutions,,,2007-09-29 00:41:54,2025-01-05 02:58:59
"Università di Bologna, CNR, Università degli studi di Trento, Istituto di linguistica computazionale A. Zampolli , Accademia europea di Bolzano",PAISÀ corpus italiano,https://www.corpusitaliano.it/en/index.html,TRUE,FALSE,FALSE,FALSE,,,,,,KNOT,http://purl.org/knot/data/paisa-project,,2012-09-30 01:40:22,2024-06-21 17:18:31
Università di Bologna,OpenGadda,https://numgadda.github.io/OpenGadda/databasecolumnmerge.html,TRUE,FALSE,FALSE,FALSE,,,FALSE,,FALSE,AIUCD,,,,
Università di Pisa,Odonomastica Femminile,http://www.labcd.unipi.it/odonomastica-femminile/,TRUE,FALSE,FALSE,TRUE,,,FALSE,,FALSE,Italian DH Institutions,,not working,2022-05-18 16:23:35,2024-09-14 21:35:56
Università di Bologna,odi: uno studio su il castello dei destini incrociati di italo calvino,https://projects.dharc.unibo.it/odi/,TRUE,FALSE,FALSE,FALSE,,,FALSE,,FALSE,Italian DH Institutions,,some search filters are not working anymore,2023-11-29 02:07:18,2024-07-04 08:04:53
Università Ca' Foscari Venezia,Nuova Bilioteca Manoscritta,https://www.nuovabibliotecamanoscritta.it/,TRUE,FALSE,FALSE,FALSE,,,FALSE,,FALSE,Italian DH Institutions,,,2006-01-10 22:55:45,2025-01-04 18:44:24
Bibliotheca Hertziana,Noack,https://db.biblhertz.it/noack/noack.xml,TRUE,FALSE,FALSE,TRUE,,,FALSE,,FALSE,Italian DH Institutions,,,2007-05-13 20:47:23,2024-04-30 03:08:52
,Navigli Project,http://arcg.is/0vfWKj,TRUE,FALSE,FALSE,FALSE,,,FALSE,,FALSE,DH Awards,,,2020-10-08 06:34:02,2024-07-09 08:39:23
Università di Bologna,mythlod,https://dharc-org.github.io/mythlod/,TRUE,FALSE,FALSE,FALSE,,,FALSE,,FALSE,Italian DH Institutions,,it's a showcase website,2021-11-22 20:11:10,2024-12-15 08:28:31
Università di Bologna,mythLOD,https://dharc-org.github.io/mythlod/static/mima.html,TRUE,FALSE,FALSE,FALSE,,,,,,KNOT,http://purl.org/knot/data/mythlod-project,,2022-12-05 20:27:10,2024-04-18 19:33:59
Università di Bologna,musow,http://projects.dharc.unibo.it/musow/,TRUE,FALSE,FALSE,TRUE,,,FALSE,,FALSE,Italian DH Institutions,,not working - not private connection,2021-11-17 13:32:50,2024-12-16 16:48:30
Università Ca' Foscari Venezia,Musisque Deoque. Un archivio digitale di poesia latina,https://mizar.unive.it/mqdq/public/index,TRUE,FALSE,FALSE,FALSE,,,,,,KNOT,http://purl.org/knot/data/musisque-deoque-project,,2018-08-07 19:00:18,2024-09-14 11:00:46
Università Ca’ Foscari Venezia; Università della Calabria;Università di Napoli Federico II; Università degli Studi di Parma ;Università degli Studi di Perugia,Musisque Deoque,http://www.mqdq.it/,TRUE,FALSE,FALSE,FALSE,,,FALSE,,FALSE,DH Awards,,,2009-06-17 19:36:50,2024-12-28 14:41:43
Università degli studi di Padova,Metastasio,https://www.progettometastasio.it/public/,TRUE,FALSE,FALSE,FALSE,,,,,,KNOT,http://purl.org/knot/data/metastasio-drammi-project,,2016-05-15 11:29:42,2024-12-20 13:10:41
Università degli studi di Padova,Metadata as Semantic Palimpsests: The Case of PHAIDRA@unipd,https://phaidra.cab.unipd.it/info/impressum,TRUE,FALSE,FALSE,FALSE,,,FALSE,,FALSE,IRCDL,,https protocol outdated,2014-12-18 21:57:50,2025-01-03 20:55:46
Università di Pisa; ILC-CNR; Università di Siena,Memoria di guerra,http://www.memoriediguerra.it/,TRUE,FALSE,FALSE,FALSE,,,,,,KNOT,http://purl.org/knot/data/memorie-guerra-project,,2016-12-18 23:50:19,2024-12-21 20:12:39
Università di Bologna,melody. make me a linked open data story,https://projects.dharc.unibo.it/melody/,TRUE,FALSE,FALSE,FALSE,,,FALSE,,FALSE,Italian DH Institutions,,not consistent in showing the letters,2022-10-06 19:12:07,2024-11-17 23:01:39
Università di Bologna,mAuth - Mining Authoritativeness in Art History,https://projects.dharc.unibo.it/mauth/search,TRUE,FALSE,FALSE,TRUE,,,,,,KNOT,http://purl.org/knot/data/mauth-project,,2023-01-30 20:56:53,2023-09-27 18:55:49
Università di Pisa,Matilde Di Canossa,http://www.labcd.unipi.it/matildedicanossa,TRUE,FALSE,FALSE,FALSE,,,FALSE,,FALSE,Italian DH Institutions,,,2021-03-19 07:48:28,2024-06-03 02:31:15
Bibliotheca Hertziana,Maps and Gazetteers,https://maps.biblhertz.it/,TRUE,FALSE,FALSE,FALSE,,,FALSE,,FALSE,Italian DH Institutions,,unreachable website,2020-04-11 10:57:01,2024-12-18 20:28:36
Università di Pisa,Mappa project,https://mappaproject.arch.unipi.it/mod/Index.php,TRUE,FALSE,FALSE,FALSE,,http://www.mappaproject.org/,TRUE,,,KNOT,http://purl.org/knot/data/mappa-open-project,,2012-05-24 04:23:54,2024-08-28 20:39:02
Università degli studi di Firenze,Manoscritti Italiani Volgari del 17° secolo,https://miv17.labdilef.it/,TRUE,FALSE,FALSE,FALSE,,,,,,KNOT,http://purl.org/knot/data/miv17-project,,2023-01-28 07:31:05,2024-12-29 22:09:52
Università degli studi Modena e Reggio Emilia,Lodovico Media Library,https://lodovico.medialibrary.it/home/index.aspx,TRUE,FALSE,FALSE,FALSE,,,,,,KNOT,http://purl.org/knot/data/lodovico-project,,2021-04-15 10:02:13,2025-01-02 14:02:56
Università Cattolica del Sacro Cuore,Linking Latin,https://lila-erc.eu/LiLaLisp/,TRUE,FALSE,FALSE,FALSE,,,FALSE,https://lila-erc.eu/#about-1,TRUE,AIUCD,,,2023-10-20 13:14:10,2024-12-09 10:21:39
Bibliotheca Hertziana,Lineamenta,https://fm.biblhertz.it/fmi/xsl/home.xsl?-token.proj=li,TRUE,FALSE,FALSE,FALSE,,,FALSE,,FALSE,Italian DH Institutions,,,2020-08-20 06:02:20,2022-07-12 13:03:30
Università di Catania,Linea: per un portale della letteratura italiana del Novecento,https://linea.unict.it,TRUE,FALSE,FALSE,FALSE,,,FALSE,,FALSE,Italian DH Institutions,,,2022-06-26 01:07:51,2023-06-09 20:17:14
Università degli studi di Padova,Libretti d'opera,https://www.librettodopera.it/public/,TRUE,FALSE,FALSE,FALSE,,,,,,KNOT,http://purl.org/knot/data/libretti-opera-project,,2016-09-06 17:23:02,2024-12-28 22:59:43
Coordinamento Biblioteche Speciali e Specialistiche di Torino,Library Data Integration: the CoBiS Linked Open Data Project and Portal,https://dati.cobis.to.it/,TRUE,FALSE,FALSE,FALSE,,,FALSE,,FALSE,IRCDL,,,2017-04-23 13:44:15,2025-01-05 03:50:57
Università di Salerno,LIBERaBIT,https://www.liberabit.unisa.it/,TRUE,FALSE,FALSE,FALSE,,,,,,KNOT,http://purl.org/knot/data/liberabit-project,,2022-09-19 18:31:15,2024-12-23 23:16:27
Università di Bologna,leggo manzoni,https://projects.dharc.unibo.it/leggomanzoni/,TRUE,FALSE,FALSE,FALSE,,,FALSE,,FALSE,Italian DH Institutions,,,2024-04-04 05:56:58,2024-08-06 10:10:15
Accademia della Crusca,Le parole dell'arte. Accademia della crusca,https://mla.accademiadellacrusca.org/,TRUE,FALSE,FALSE,FALSE,,,FALSE,,FALSE,Italian DH Institutions,,,2019-03-28 15:34:02,2024-12-06 19:21:20
Università degli studi di Firenze,Le Lettere di Alessandra Macinghi Strozzi,https://macinghi-strozzi.labdilef.it/,TRUE,FALSE,FALSE,FALSE,,,,,,KNOT,http://purl.org/knot/data/macinghi-strozzi-project,,2022-06-30 16:45:39,2024-12-05 20:14:14
,"Last Letters from the World Wars: Forming Italian Language, Identity and Memory in Texts of Conflict",https://www.ultimelettere.it/LastLetters/,TRUE,FALSE,FALSE,FALSE,,,FALSE,,FALSE,Italian DH Institutions,,,2020-02-26 08:45:09,2024-06-14 10:38:33
Università di Pisa,L'Area Cimiteriale di San Matteo,https://sepolturesanmatteo.labcd.unipi.it/,TRUE,FALSE,FALSE,FALSE,,,,,,KNOT,http://purl.org/knot/data/cimi-san-matteo-project,,2021-03-05 00:01:09,2024-06-19 07:59:27
,Italian Natural Language Processing Lab,http://www.italianlp.it/demo/linguistic-annotation-tool/,TRUE,FALSE,FALSE,FALSE,,,,,,KNOT,http://purl.org/knot/data/lingua-project,,2014-07-12 10:58:42,2024-09-06 12:14:11
,"IntraText dLib: digital library framework system based on distributed collaboration, e-mail interaction and easy to use text-to-xml facilities for editorial accuracy ",https://www.intratext.com/,TRUE,FALSE,FALSE,TRUE,,,FALSE,,FALSE,IRCDL,,,,
Università Cattolica del Sacro Cuore,Index Thomisticus Treebank,https://itreebank.marginalia.it/,TRUE,FALSE,FALSE,FALSE,,,FALSE,,FALSE,Italian DH Institutions,,multilingual function is not working consistently,2008-12-17 15:41:46,2024-12-08 00:12:52
Università di Roma Tre,In Codice Ratio: Machine Transcription of Medieval Manuscripts,https://www.inf.uniroma3.it/db/icr/,TRUE,FALSE,FALSE,FALSE,,,FALSE,,FALSE,IRCDL,,,2018-05-03 15:16:58,2024-08-26 11:45:42
Università di Napoli Federico II,Illuminated Dante Project (IDP),https://www.dante.unina.it/ndp/public/frontend,TRUE,FALSE,FALSE,FALSE,,,FALSE,,FALSE,AIUCD,,traslocato a https://www.unive.it/pag/44465/,2024-11-10 21:13:11,2024-12-12 14:45:03
Università di Napoli Federico II,Illuminated Dante Project,https://www.dante.unina.it/idp/public/frontend,TRUE,FALSE,FALSE,FALSE,,,FALSE,,FALSE,Italian DH Institutions,,error 404,2024-06-20 11:35:23,2024-12-08 04:08:30
,Idilli di Giacomo Leopardi,https://leopardi.ecdosys.org/en/Home/,TRUE,FALSE,FALSE,FALSE,,,,,,KNOT,http://purl.org/knot/data/idili-leopardi-project,,2024-05-09 13:23:46,2024-05-09 13:24:10
I Tatti - The Harvard University. Center For Italian Renaissance Studies,I Tatti Digital Collection,https://collection.itatti.harvard.edu/,TRUE,FALSE,FALSE,FALSE,,,FALSE,,FALSE,Italian DH Institutions,,https protocol not implemented  + file not found,2022-04-18 00:10:45,2024-12-27 00:17:53
Università Ca' Foscari Venezia,I conti con la Storia: Le leggi razziali tra televisione e storiografia,http://www.iconticonlastoria.it,TRUE,FALSE,FALSE,FALSE,,,FALSE,,FALSE,DH Awards,,,2021-01-08 14:32:52,2024-11-25 04:46:29
Università degli studi di Torino,Hyperpavese,https://www.hyperpavese.com/progetto.php,TRUE,FALSE,FALSE,FALSE,,,FALSE,,FALSE,AIUCD,,sparql endpoint non accessible,2021-10-24 10:18:42,2024-07-19 03:49:28
Bibliotheca Hertziana,https://zuccaro.biblhertz.it/,https://zuccaro.biblhertz.it/,TRUE,FALSE,FALSE,FALSE,,,FALSE,,FALSE,Italian DH Institutions,,it's a showcase website (https://vision.artresearch.net/resource/start),2004-06-06 20:10:01,2024-12-10 07:24:24
Bibliotheca Hertziana,Hertziana Rare Books Online,https://dlib.biblhertz.it/,TRUE,FALSE,FALSE,FALSE,,,FALSE,,FALSE,Italian DH Institutions,,page not found,2017-04-12 15:39:57,2024-12-26 17:42:26
Bibliotheca Hertziana,Heinrich Wölfflin,https://editions.humanitiesconnect.pub/exist/apps/hwgw/index.html,TRUE,FALSE,FALSE,FALSE,,,FALSE,,FALSE,Italian DH Institutions,,,,
"Istituto di Linguistica Computazionale ""A. Zampolli"" (ILC-CNR)",Greek Schools,https://viewer.greekschools.eu/,TRUE,FALSE,FALSE,FALSE,,https://www.ilc.cnr.it/progetti/greekschools-2/,TRUE,,FALSE,Italian DH Institutions,,,2023-11-02 07:28:30,2024-12-09 06:22:36
ILC-CNR; Università di Pisa,Greek into Arabic,http://www.greekintoarabic.eu/index0b30.html,TRUE,FALSE,FALSE,FALSE,,,,,,KNOT,http://purl.org/knot/data/g2a-project,,2020-07-13 05:03:21,2023-10-02 08:45:20
Kunsthistoriches Institut in Florenz,gigapixel images,https://virtualphotothek.khi.fi.it/gigapixel/,TRUE,FALSE,FALSE,FALSE,,,FALSE,,FALSE,Italian DH Institutions,,,2022-08-31 15:41:18,2023-03-21 14:52:41
Bibliotheca Hertziana,Gesture Atlas,https://biblhertz.github.io/atlas/,TRUE,FALSE,FALSE,FALSE,,,FALSE,,FALSE,Italian DH Institutions,,error 404,2020-09-06 21:49:35,2022-12-03 12:59:41
Università Ca' Foscari Venezia,Galleria Borghese,https://galleriaborghese.beniculturali.it/,TRUE,FALSE,FALSE,FALSE,,,FALSE,,FALSE,Italian DH Institutions,,,2010-07-22 07:22:55,2025-01-04 13:29:46
ISTC-CNR,FRED - Machine Reading for the Semantic Web,http://wit.istc.cnr.it/stlab-tools/fred/,TRUE,FALSE,FALSE,FALSE,,,,,,KNOT,http://purl.org/knot/data/fred-project,,2012-07-15 01:08:17,2024-12-13 15:38:02
ISTC-CNR,framester,https://framester.github.io/,TRUE,FALSE,FALSE,FALSE,,http://etna.istc.cnr.it/framester_web/,TRUE,,FALSE,Italian DH Institutions,,,2024-04-17 22:31:51,2024-07-14 20:00:03
Bibliotheca Hertziana,Foto,https://foto.biblhertz.it/,TRUE,FALSE,FALSE,FALSE,,,FALSE,,FALSE,Italian DH Institutions,,,2007-12-18 20:03:19,2025-01-05 03:48:43
Fondazione Fava,Archivio di Giuseppe Fava,https://www.fondazionefava.it/archivio-di-giuseppe-fava/,TRUE,FALSE,FALSE,TRUE,,,FALSE,,FALSE,AIUCD,,,2023-09-30 07:02:51,2024-12-13 06:13:26
Università di Pisa,Flos,http://iu.di.unipi.it/flos/,TRUE,FALSE,FALSE,FALSE,,,FALSE,,FALSE,Italian DH Institutions,,,2019-12-07 05:03:59,2022-05-19 01:17:10
I Tatti - The Harvard University. Center For Italian Renaissance Studies,Florentine Drawings,https://florentinedrawings.itatti.harvard.edu/,TRUE,FALSE,FALSE,FALSE,,,FALSE,,FALSE,Italian DH Institutions,,error 404 not found,2017-03-23 09:40:04,2024-12-28 07:03:53
University La Sapienza,Establishing a Digital Library in Wide-Ranging University’s Context The Sapienza Digital Library Experience,https://sapienzadigitallibrary.uniroma1.it/index.php/,TRUE,FALSE,FALSE,FALSE,,,FALSE,,FALSE,IRCDL,,,2024-08-07 05:28:00,2024-12-02 09:07:39
Università di Bologna,Erbario di Aldovrandi,https://botanica.sma.unibo.it/aldrovandi/Explore,TRUE,FALSE,FALSE,FALSE,,,FALSE,https://botanica.sma.unibo.it/,TRUE,AIUCD,,,2018-09-22 00:49:25,2024-09-14 05:05:43
FBK - Fondazione Bruno Kessler,Epistolario De Gasperi,https://epistolariodegasperi.it/#/,TRUE,FALSE,FALSE,TRUE,,,FALSE,,FALSE,Italian DH Institutions,,moved to https://alcidedigitale.fbk.eu/platform/,2019-05-09 14:20:35,2024-07-21 18:41:44
FBK - Fondazione Bruno Kessler,Epistolario De Gasperi,https://www.epistolariodegasperi.it/#/archivio_digitale/lettere,TRUE,FALSE,FALSE,FALSE,,,FALSE,www.epistolariodegasperi.it,TRUE,AIUCD,,,2019-05-09 14:20:35,2024-07-21 18:41:44
"Università degli studi di Roma ""La Sapienza""",Epigraphic Database Roma (EDR),http://www.edr-edr.it/default/index.php,TRUE,FALSE,FALSE,FALSE,,,,,,KNOT,http://purl.org/knot/data/edr-project,,2017-02-24 03:00:58,2024-10-08 07:29:04
ISTC-CNR,Epicum: Epigraphs of Castello Ursino Museum,http://epicum.istc.cnr.it/collezione/,TRUE,FALSE,FALSE,FALSE,,,FALSE,,FALSE,Italian DH Institutions,,,2022-07-06 23:18:50,2024-09-14 21:57:55
Università di Siena,ELA - Eurasian Latin Archive,http://ela.unisi.it/,TRUE,FALSE,FALSE,FALSE,,,,,,KNOT,http://purl.org/knot/data/ela-project,,2021-12-17 00:20:52,2024-02-25 02:48:08
Bibliotheca Hertziana,"Eine römische Trilogie: Schudt, Caldana, Schlosser",https://dlib.biblhertz.it/guide/,TRUE,FALSE,FALSE,FALSE,,,FALSE,,FALSE,Italian DH Institutions,,,,
"Università degli studi di Roma ""La Sapienza""",EDV -  Epigraphic Database Vernacular,http://www.edvcorpus.com/wp/,TRUE,FALSE,FALSE,FALSE,,,,,,KNOT,http://purl.org/knot/data/edv-project,,2019-11-11 01:16:32,2024-09-13 20:25:39
Università di Bologna,edizione nazionale delle opere di aldo moro,https://aldomorodigitale.unibo.it/,TRUE,FALSE,FALSE,FALSE,,,FALSE,,FALSE,Italian DH Institutions,,,2021-05-25 07:08:38,2024-12-18 20:02:52
Università di Bari,EDB: Knowledge Technologies for Ancient Greek and Latin Epigraphy,https://www.edb.uniba.it/,TRUE,FALSE,FALSE,FALSE,,,FALSE,,FALSE,IRCDL,,javascript issues,2004-10-14 18:23:51,2024-12-08 06:00:34
CNR - ISMED; Università Ca' Foscari Venezia,Ebla Digital Archives,http://ebda.cnr.it/,TRUE,FALSE,FALSE,FALSE,,,FALSE,,FALSE,Italian DH Institutions,,,2018-11-30 12:18:25,2024-12-16 10:04:22
CNR - ISMED; Università Ca' Foscari Venezia,Ebla Digital Archives,http://ebda.cnr.it/index,TRUE,FALSE,FALSE,FALSE,,,,,,KNOT,http://purl.org/knot/data/ebla-project,,2019-02-03 10:29:08,2024-09-26 17:51:32
,Eagle Project,https://www.eagle-network.eu/basic-search/,TRUE,FALSE,FALSE,FALSE,,https://www.eagle-network.eu/basic-search/,FALSE,,FALSE,AIUCD,,,2016-03-07 22:59:33,2024-09-09 11:47:46
,e-rihs,https://www.e-rihs.eu/,TRUE,FALSE,FALSE,FALSE,,,FALSE,,FALSE,Italian DH Institutions,,it's a tool,,
Università di Genova,DOGE Percorsi Digitali,https://doge.unige.net/,TRUE,FALSE,FALSE,FALSE,,,,,,KNOT,http://purl.org/knot/data/doge-project,credentials needed,2022-01-26 16:15:57,2024-11-27 17:51:30
Kunsthistoriches Institut in Florenz,digitizing the die kirchen von siena project,https://sienaproject.khi.fi.it/,TRUE,FALSE,FALSE,FALSE,,,FALSE,,FALSE,Italian DH Institutions,,"project url is a showcase website, downloading a software is required for visualization",2022-08-11 01:22:37,2024-12-14 05:03:16
Kunsthistoriches Institut in Florenz,digital photothek,http://photothek.khi.fi.it/?Language=en,TRUE,FALSE,FALSE,FALSE,,,FALSE,,FALSE,Italian DH Institutions,,,2015-03-29 05:01:44,2023-07-08 20:16:30
Università di Pavia,Digital Library Pavia,https://www.bibliotecadigitale.unipv.eu/,TRUE,FALSE,FALSE,FALSE,,,,,,KNOT,http://purl.org/knot/data/digi-lib-pavia-project,,2020-12-18 07:55:58,2025-01-05 03:10:55
Università di Bologna,digital library (ficlit),https://dl.ficlit.unibo.it,TRUE,FALSE,FALSE,FALSE,,,FALSE,,FALSE,Italian DH Institutions,,error 404,2022-05-17 03:57:57,2024-12-26 23:09:55
Università del Piemonte Orientale,digilibLT: Biblioteca digitale di testi latini tardoantichi,http://www.digiliblt.unipmn.it/,TRUE,FALSE,FALSE,TRUE,,,FALSE,,FALSE,DH Awards,,,2012-02-05 00:48:17,2024-05-11 14:29:16
Università del Piemonte Orientale,DigilibLT - Biblioteca digitale di testi latini tardoantichi,https://digiliblt.uniupo.it/index.php,TRUE,FALSE,FALSE,FALSE,,,,,,KNOT,http://purl.org/knot/data/digiliblt-project,,2017-10-22 13:23:29,2024-11-08 16:15:04
"Istituto di Linguistica Computazionale ""A. Zampolli"" (ILC-CNR)",DIGESTO,http://dbtvm1.ilc.cnr.it/digesto/Digesto_Home.html,TRUE,FALSE,FALSE,FALSE,,,,,,KNOT,http://purl.org/knot/data/digesto-project,some links within the page are not accessible,2022-03-08 23:13:17,2023-03-27 21:10:32
Università di Bologna,dhdkey!,https://projects.dharc.unibo.it/dhdkey/,TRUE,FALSE,FALSE,FALSE,,,FALSE,,FALSE,Italian DH Institutions,,,2021-04-30 23:09:42,2024-08-06 11:30:05
Università di Macerata,DB allegorico dantesco,https://www.databaseallegoricodantesco.it/archivio.php,TRUE,FALSE,FALSE,FALSE,,,FALSE,,FALSE,AIUCD,,,2023-12-06 20:06:23,2024-03-01 13:09:05
CNR,DASI: digital archive for the study of pre-islamic arabian inscriptions,https://dasi.cnr.it/,TRUE,FALSE,FALSE,FALSE,,,FALSE,,FALSE,Italian DH Institutions,,,2018-12-20 23:04:20,2025-01-05 01:38:20
Istituto ILIESI - CNR,Daphnet: Modern Philosophy,http://modernsource.daphnet.iliesi.cnr.it/,TRUE,FALSE,FALSE,TRUE,,http://www.daphnet.iliesi.cnr.it/,TRUE,,FALSE,AIUCD,,,2022-10-01 13:30:27,2022-10-01 13:30:27
Istituto ILIESI - CNR,Daphnet: Ancient Philosophy,http://ancientsource.daphnet.iliesi.cnr.it/,TRUE,FALSE,FALSE,TRUE,,http://www.daphnet.iliesi.cnr.it/,TRUE,,FALSE,AIUCD,,,2022-09-24 20:41:09,2024-06-06 13:24:10
ISTI-CNR,DanteSources,https://dantesources.dantenetwork.it/index.html,TRUE,FALSE,FALSE,FALSE,,,FALSE,,FALSE,Italian DH Institutions,,,2021-03-25 11:05:01,2024-07-14 05:26:19
Università degli studi di Padova,Dante: A Web Application for the History of Art,https://dante.beniculturali.unipd.it/dante-web/,TRUE,FALSE,FALSE,TRUE,,,FALSE,,FALSE,AIUCD,,datasets cannot be downloaded,2022-01-22 13:54:32,2024-11-21 23:13:28
Università di Pisa,Dante Search,https://dantesearch.dantenetwork.it/,TRUE,FALSE,FALSE,FALSE,,,,,,KNOT,http://purl.org/knot/data/dante-search-project,,2020-08-11 23:56:14,2024-12-13 04:35:15
Kunsthistoriches Institut in Florenz,"dante depicted: a commentary on image, text, and exegesis around the commedia",https://dante.khi.fi.it/,TRUE,FALSE,FALSE,FALSE,,,FALSE,,FALSE,Italian DH Institutions,,,2023-03-09 09:56:49,2024-12-18 04:57:14
Università degli Studi di Firenze,Dal Libro alla Biblioteca (DaLiB),https://dalib.it/,TRUE,FALSE,FALSE,FALSE,,,,,,KNOT,http://purl.org/knot/data/dalib-project,,2023-03-30 10:25:50,2024-12-26 17:19:36
,Czech-IT! Linguistic corpus of native Czech and Slovak learners acquiring Italian language,https://czech-it.github.io/,TRUE,FALSE,FALSE,FALSE,,,FALSE,,FALSE,AIUCD,,explore page not working,2022-01-19 21:30:45,2024-03-04 11:16:06
Ministero della Cultura,"Culturaitalia, the Italian National Content Aggregator in Europeana",http://dati.culturaitalia.it/,TRUE,FALSE,FALSE,FALSE,,,FALSE,,FALSE,IRCDL,,,2013-06-22 13:23:09,2025-01-04 12:31:16
I Tatti - The Harvard University. Center For Italian Renaissance Studies,CRIA,https://cria.itatti.harvard.edu/,TRUE,FALSE,FALSE,FALSE,,,FALSE,,FALSE,Italian DH Institutions,,,2016-12-12 16:51:06,2024-11-27 13:30:16
Università di Siena,Corpus Rhythmorum Musicum,https://www.corimu.unisi.it/public/frontend/index,TRUE,FALSE,FALSE,FALSE,,,,,,KNOT,http://purl.org/knot/data/corimu-project,,2021-07-25 00:28:35,2023-03-21 00:23:42
Università di Bologna; Università degli studi di Torino,Corpus KIParla - L'italiano parlato e chi parla italiano,https://kiparla.it/,TRUE,FALSE,FALSE,TRUE,,,,,,KNOT,http://purl.org/knot/data/kiparla-project,,2020-08-05 13:29:31,2024-11-16 08:55:14
Università di Bologna,Corago,http://corago.unibo.it/,TRUE,FALSE,FALSE,FALSE,,,,,,KNOT,http://purl.org/knot/data/corago-project,,2013-10-05 19:43:16,2025-01-05 03:47:02
ILC-CNR,CoPhiLab: Collaborative and Cooperative Philology Lab,http://www.languagelibrary.eu/new_ewnui/,TRUE,FALSE,FALSE,FALSE,,,FALSE,,FALSE,Italian DH Institutions,,,2017-06-12 00:33:27,2024-03-07 18:27:00
Bibliotheca Hertziana,Controcultura,https://echaurren.biblhertz.it/PE.html,TRUE,FALSE,FALSE,FALSE,,,FALSE,,FALSE,Italian DH Institutions,,,2021-08-03 22:56:58,2024-12-14 20:49:06
,Confluenze,https://confluenze.dev/,TRUE,FALSE,FALSE,FALSE,,,FALSE,,FALSE,Italian DH Institutions,,it's a showcase website,2024-04-18 17:03:56,2024-12-24 12:32:22
Università di Cagliari,Colonizzazioni interne e Migrazioni,https://storia.dh.unica.it/colonizzazioninterne/,TRUE,FALSE,FALSE,FALSE,,,,,,KNOT,http://purl.org/knot/data/col-interne-project,"redicrect, and then unreachable website",2020-09-24 14:17:44,2024-12-26 11:13:46
Biblioteca Ambrosiana,Codex Atlanticus: exploring the largest exhisting collection of writings and drawings of Leonardo Da Vinci,https://codex-atlanticus.ambrosiana.it/#/,TRUE,FALSE,FALSE,FALSE,,,FALSE,,FALSE,Italian DH Institutions,,,2022-06-21 22:27:33,2024-12-22 10:53:28
Università del Piemonte Orientale,CO.COR (COMPLIMENT CORPUS),http://www.cocor.eu/index.php,TRUE,FALSE,FALSE,TRUE,,,,,,KNOT,http://purl.org/knot/data/cocor-project,,2020-12-30 05:20:10,2023-10-26 00:43:20
Società italiana di musicologia; Répertoire international des sources musicales; Istituto italiano per la storia della musica; Università degli studi di Roma Tor Vergata; Centro Studi sulla Cantata Italiana (CSCI).,Clori - archivio della cantata italiana,https://cantataitaliana.it/,TRUE,FALSE,FALSE,FALSE,,,,,,KNOT,http://purl.org/knot/data/clori-project,,2011-10-30 09:03:36,2024-12-29 00:55:12
Università degli studi di Torino,Classici Dse (EVT viewer),https://www.classici-dse.com/,TRUE,FALSE,FALSE,FALSE,,,FALSE,,FALSE,Italian DH Institutions,,,2021-11-29 17:14:13,2023-08-29 10:38:19
Università di Pisa,CLaSSES - Corpus for Latin Sociolinguistic Studies on Epigraphic textS,https://classes-latin-linguistics.fileli.unipi.it/en,TRUE,FALSE,FALSE,FALSE,,,,,,KNOT,http://purl.org/knot/data/classes-project,,2020-10-23 21:57:04,2024-10-02 17:52:39
Bibliotheca Hertziana,Cipro,https://cipro.biblhertz.it/,TRUE,FALSE,FALSE,FALSE,,,FALSE,,FALSE,Italian DH Institutions,,,2021-06-24 15:55:38,2024-12-04 21:25:56
Università di Genova,Catalogus Philologorum Classicorum (CPhCl),http://www.aristarchus.unige.net/CPhCl/en/Home,TRUE,FALSE,FALSE,FALSE,,,,,,KNOT,http://purl.org/knot/data/cphci-project,error 404 not found,2017-09-28 12:52:45,2024-07-21 13:01:09
Università di Bologna,catalogue,https://projects.dharc.unibo.it/knot/,TRUE,FALSE,FALSE,FALSE,,,FALSE,,FALSE,Italian DH Institutions,,,2024-12-13 04:18:48,2024-12-15 07:15:46
,"CASPAR: Cultural, Artistic and Scientific Knowledge for Preservation, Access and Retrieval","https://www.casparpreserves.eu/caspar-project.html#:~:text=CASPAR%20%2D%20Cultural%2C%20Artistic%20and%20Scientific,cultural%20and%20scientific%20resources%22).",TRUE,FALSE,FALSE,FALSE,,,FALSE,,FALSE,IRCDL,,alcune visualizzazioni non sono accessibili tipo % 100 toponimi più frequenti,2011-01-30 05:51:19,2024-07-21 06:33:53
ISPC-CNR,Carteggio Ricci digital library,http://carteggiodiguerra.cnr.it/,TRUE,FALSE,FALSE,FALSE,,,,,,KNOT,http://purl.org/knot/data/carteggio-ricci-project,,2022-03-16 09:18:54,2024-06-14 22:58:34
Università degli studi di Firenze,Carte d'autore online,https://www.cartedautore.it/,TRUE,FALSE,FALSE,FALSE,,,,,,KNOT,http://purl.org/knot/data/carte-autore-project,,2014-08-10 16:44:11,2024-12-07 23:19:34
Università degli studi di Padova,Carlo Goldoni,https://www.carlogoldoni.it/public/,TRUE,FALSE,FALSE,FALSE,,,,,,KNOT,http://purl.org/knot/data/goldoni-drammi-project,it's a showcase website,2016-05-27 06:14:33,2024-12-29 01:45:22
"Università degli studi di Roma ""La Sapienza""",Bradypus,https://bdus.cloud/,TRUE,FALSE,FALSE,TRUE,,,,,,KNOT,http://purl.org/knot/data/bradypus-project,unreachable website,2021-02-27 11:46:02,2024-12-08 06:44:57
Università Ca' Foscari Venezia,Biflow: catalogo bilingue,https://catalogobiflow.vedph.it/,TRUE,FALSE,FALSE,FALSE,,,FALSE,,FALSE,Italian DH Institutions,,,2021-06-29 08:01:26,2025-01-04 02:12:38
"Università degli studi di Roma ""La Sapienza""",Biblioteca Italiana,http://www.bibliotecaitaliana.it/,TRUE,FALSE,FALSE,FALSE,,,,,,KNOT,http://purl.org/knot/data/bib-ita-project,,2002-02-03 09:34:32,2025-01-05 01:15:54
Università di Cagliari,Biblioteca Informatica dei Libri di Famiglia,https://bilf.ipertesti.it/,TRUE,FALSE,FALSE,FALSE,,,FALSE,,FALSE,Italian DH Institutions,,,2022-09-30 20:26:19,2024-12-03 23:07:47
ISTC-CNR,Bellini corrispondenza,http://bellinicorrespondence.cnr.it/,TRUE,FALSE,FALSE,FALSE,,,FALSE,,FALSE,AIUCD,,,2022-01-20 21:32:38,2024-08-11 21:33:19
I Tatti - The Harvard University. Center For Italian Renaissance Studies,Belle Greene,https://bellegreene.itatti.harvard.edu/,TRUE,FALSE,FALSE,TRUE,,,FALSE,,FALSE,Italian DH Institutions,,,2023-08-20 23:24:18,2024-12-23 12:15:40
Università di Cagliari,Atlante Storia MArittima della SArdegna,https://storia.dh.unica.it/asmsa/it,TRUE,FALSE,FALSE,FALSE,,,,,,KNOT,http://purl.org/knot/data/asmsa-project,,2024-02-21 03:58:11,2024-09-12 00:15:19
"Istituto di Linguistica Computazionale ""A. Zampolli"" (ILC-CNR)",Atlante Lessicale Toscano,http://serverdbt.ilc.cnr.it/ALTWEB,TRUE,FALSE,FALSE,FALSE,,,,,,KNOT,http://purl.org/knot/data/alt-project,,2007-07-27 12:07:23,2024-12-08 04:37:19
Università degli studi di Padova,ASIt: Atlante Sintattico d’Italia,http://svrims2.dei.unipd.it:8080/asit-maldura/pages/search.jsp,TRUE,FALSE,FALSE,TRUE,,http://asit.maldura.unipd.it/,TRUE,,FALSE,AIUCD,,,2013-12-16 00:21:39,2024-02-28 19:17:19
OVI-CNR,Artesia,http://artesia.ovi.cnr.it/,TRUE,FALSE,FALSE,FALSE,,,FALSE,,FALSE,Italian DH Institutions,,,2013-01-22 01:20:04,2024-09-28 05:55:19
Università di Bologna,artchives - the inventory of art historians’ archives,http://artchives.fondazionezeri.unibo.it/,TRUE,FALSE,FALSE,FALSE,,,FALSE,,FALSE,Italian DH Institutions,,,2020-11-28 13:54:26,2024-12-31 12:03:35
ISTC-CNR,arco,http://wit.istc.cnr.it/arco/index.php?lang=en,TRUE,FALSE,FALSE,FALSE,,,FALSE,,FALSE,Italian DH Institutions,,,2019-07-26 10:04:19,2024-05-24 15:36:07
,Archivio Università Castrense,https://archivio.universitacastrense.eu/,TRUE,FALSE,FALSE,TRUE,,,FALSE,,FALSE,AIUCD,,,2019-08-28 10:33:58,2025-01-01 09:18:11
Università degli studi di Torino; Teche Rai.,Archivio Musicale dell'Orchestra Sinfonica Nazionale della Rai,http://www.osn.teche.rai.it/Default.aspx,TRUE,FALSE,FALSE,FALSE,,,,,,KNOT,http://purl.org/knot/data/rai-orchestra-project,,2016-09-05 16:31:30,2024-08-13 16:24:56
Università Ca' Foscari Venezia,Archivio fonti orali,https://pric.unive.it/progetti/archivio-fonti-orali/home,TRUE,FALSE,FALSE,FALSE,,,FALSE,,FALSE,Italian DH Institutions,,,2021-02-28 04:06:39,2024-12-04 07:06:04
"Istituto di Linguistica Computazionale ""A. Zampolli"" (ILC-CNR)",Archivio Elettronico delle Opere di Carlo Emilio Gadda,http://dbtvm1.ilc.cnr.it/Gadda/,TRUE,FALSE,FALSE,TRUE,,,,,,KNOT,http://purl.org/knot/data/gadda-archive-project,this project is already present in the dataset but under a different url,2024-05-22 08:54:38,2024-06-28 17:03:05
Università di Cagliari,Archivio digitale del Risorgimento in Sardegna,https://storia.dh.unica.it/archiviodigitalerisorgimento/,TRUE,FALSE,FALSE,FALSE,,,,,,KNOT,http://purl.org/knot/data/archivio-risorgimento-sardegna-project,,2020-09-24 14:44:16,2024-11-26 22:16:19
"Università degli studi di Roma ""La Sapienza""; Università Cattolica del Sacro Cuore del Sacro Cuore; Università degli studi di Torino; Università degli studi di Padova; Università degli Studi di Urbino Carlo Bo; Università degli studi della Tuscia; Università degli studi di Bergamo; Royal Netherlands Institute in Rome.",Archilet - archivio delle corrispondenze letterarie di età moderna,http://www.archilet.it/,TRUE,FALSE,FALSE,FALSE,,,,,,KNOT,http://purl.org/knot/data/archilet-project,,2012-10-11 01:01:05,2024-12-17 20:47:10
Accademia della Crusca,ArchiDATA - Archivio di (retro)datazioni lessicali,https://www.archidata.info/,TRUE,FALSE,FALSE,FALSE,,,,,,KNOT,http://purl.org/knot/data/archidata-project,,2006-02-08 12:11:34,2024-12-02 18:20:10
Università di Bologna,AMS Historica Unibo,https://historica.unibo.it/,TRUE,FALSE,FALSE,FALSE,,,,,,KNOT,http://purl.org/knot/data/ams-historica-project,,2022-09-23 11:50:38,2025-01-03 15:28:21
Università di Catania,Alpion,https://alpion.unict.it,TRUE,FALSE,FALSE,FALSE,,,FALSE,,FALSE,Italian DH Institutions,,,2022-01-20 22:55:43,2024-09-10 23:54:37
Università di Verona,Alpilink,https://alpilink.it/ascoltaeesplora/,TRUE,FALSE,FALSE,FALSE,,,FALSE,,FALSE,Italian DH Institutions,,,2023-09-12 06:07:50,2024-09-07 16:35:43
Università di Siena,ALIM Archivio della Latinità Italiana del Medioevo,http://alim.unisi.it/,TRUE,FALSE,FALSE,FALSE,,,,,,KNOT,http://purl.org/knot/data/alim-project,,2017-11-13 22:16:44,2025-01-01 13:15:17
"Università degli studi di Roma ""La Sapienza""; Università Cattolica del Sacro Cuore; Università Roma Tre",ALI Autografi dei Letterati Italiani,http://www.autografi.net/it/,TRUE,FALSE,FALSE,FALSE,,,,,,KNOT,http://purl.org/knot/data/ali-project,,2017-10-22 06:23:17,2024-11-17 07:03:37
"Università di Parma; Università di Bologna; Università di Pavia; Università degli studi di Roma ""La Sapienza""; Università degli studi di Milano",Alessandro Manzoni,https://www.alessandromanzoni.org,TRUE,FALSE,FALSE,FALSE,,,FALSE,,FALSE,Italian DH Institutions,,,2002-11-24 05:51:31,2024-12-26 01:35:32
FBK - Fondazione Bruno Kessler,Alcide Digitale,https://alcidedigitale.fbk.eu/platform/,TRUE,FALSE,FALSE,TRUE,,,FALSE,,FALSE,Italian DH Institutions,,,2021-10-24 19:02:52,2024-09-21 08:05:29
ISTI-CNR,Alchimia di Jackson Pollock / Jackson Pollock: Alchemy in 3D,,TRUE,FALSE,FALSE,FALSE,,http://vcg.isti.cnr.it/alchemy/,TRUE,,FALSE,DH Awards,,,,
CNR,AGLIO Atlante Grammaticale della Lingua Italiana delle Origini,http://aglio.ovi.cnr.it/index.php,TRUE,FALSE,FALSE,FALSE,,,,,,KNOT,http://purl.org/knot/data/aglio-project,,2020-08-13 11:52:35,2024-02-21 09:08:44
Bibliotheca Hertziana,Abruzzen und Molise,https://db.biblhertz.it/abruzzo/index.xml,TRUE,FALSE,FALSE,FALSE,,,FALSE,,FALSE,Italian DH Institutions,,,2015-12-23 17:19:12,2024-06-27 11:30:22
ISTI-CNR,A Software Architecture for Narratives,https://dlnarratives.eu/narratives.html,TRUE,FALSE,FALSE,FALSE,,,FALSE,,FALSE,IRCDL,,,2020-03-04 02:32:14,2024-07-24 19:14:38
Università di Bologna,A Multi-layer Digital Library for Mediaeval Legal Manuscripts (Mosaico project),http://mosaico.cirsfid.unibo.it/,TRUE,FALSE,FALSE,TRUE,,,FALSE,,FALSE,IRCDL,,,2013-05-08 14:14:18,2024-07-06 18:10:25
Università degli studi di Padova,A Contribution for the Dissemination of Cultural Heritage Content to a Wider Public,http://ipsa.ipsa-project.org/,TRUE,FALSE,FALSE,TRUE,,http://ipsa.ipsa-project.org/,TRUE,,FALSE,IRCDL,,,2022-01-20 15:44:19,2024-05-03 10:06:28
ISTI-CNR,3DHOP: 3D Heritage Online Presenter,http://vcg.isti.cnr.it/3dhop/,TRUE,FALSE,FALSE,FALSE,,,FALSE,,FALSE,DH Awards,,,2014-06-05 09:33:38,2024-11-27 00:22:28
,3d icons,http://3dicons.ceti.gr/,TRUE,FALSE,FALSE,TRUE,,,FALSE,,FALSE,Italian DH Institutions,,,,
ICCU - Istituto centrale per il catalogo unico delle biblioteche italiane e le informazioni bibliografiche,14-18 Documenti e immagini della Grande Guerra,http://www.14-18.it/progetto,TRUE,FALSE,FALSE,FALSE,,,FALSE,,FALSE,AIUCD,,,2018-12-20 19:56:09,2024-08-09 16:11:42
SISMEL,I LUOGHI DELLA CULTURA IN TOSCANA FINO AL 1325,https://atlas.mirabileweb.it/atlas,TRUE,FALSE,FALSE,FALSE,,,FALSE,,FALSE,AIUCD,,,2023-06-05 04:07:28,2023-06-05 04:07:57
Università di Siena,Archivio della Latinità Italiana del Medioevo,http://en.alim.unisi.it/dl/fonti_documentarie,TRUE,FALSE,FALSE,TRUE,,,FALSE,,FALSE,AIUCD,,,2017-10-21 04:10:58,2023-06-05 04:07:42
,D4Science: Infrastructure to Support the Definition and Operation of Virtual Research Environments,https://www.d4science.org/,TRUE,FALSE,FALSE,FALSE,,,FALSE,,FALSE,IRCDL,,,2008-02-08 12:48:10,2025-01-01 10:42:13
Società Dantesca Italiana,Dante Online,http://www.danteonline.it/italiano/home_ita.asp,TRUE,FALSE,FALSE,FALSE,,,FALSE,,FALSE,Catalogue Digital Editions,,,2002-10-02 22:44:06,2024-12-08 19:30:40
Università di Pavia,I testimoni della Vita Nova,http://vitanova.unipv.it/,TRUE,FALSE,FALSE,FALSE,,,FALSE,,FALSE,Catalogue Digital Editions,,,2005-04-12 11:55:39,2024-11-18 09:06:40
Archivio di Stato di Prato,"Datini, Lettere",http://datini.archiviodistato.prato.it/la-ricerca/le-edizioni-delle-lettere#n,TRUE,FALSE,FALSE,FALSE,,,FALSE,,FALSE,Catalogue Digital Editions,,,2014-08-16 05:19:48,2024-07-12 18:41:59
Max Planck Institute for the History of Science,Galileo Galilei's Notes on Motion,http://www.mpiwg-berlin.mpg.de/Galileo_Prototype/MAIN.HTM,TRUE,FALSE,FALSE,FALSE,,,FALSE,,FALSE,Catalogue Digital Editions,,,1998-07-03 07:09:39,2025-02-21 17:09:48
Scuola Normale Superiore di Pisa; Bildarchiv Foto Marburg,Jacob Burckhardt,https://burckhardtsource.org/,TRUE,FALSE,FALSE,FALSE,,,FALSE,,FALSE,Catalogue Digital Editions,,,2013-05-06 10:00:06,2025-04-03 00:45:00
,L’Orlando Furioso e la sua traduzione in immagini,http://www.orlandofurioso.org/,FALSE,TRUE,FALSE,FALSE,,,FALSE,,FALSE,Catalogue Digital Editions,,,2005-07-30 17:28:04,2021-05-06 07:24:39
Istituto di Teoria e Tecniche dell’Informazione Giuridica (ITTIG-CNR),Bibliotheca Iuris Antiqui (BIA),http://www.ittig.cnr.it,TRUE,FALSE,FALSE,FALSE,,,FALSE,,FALSE,Catalogue Digital Editions,,,2002-08-03 13:37:53,2025-04-03 09:50:57
Università di Bologna,"Vespasiano da Bisticci, Lettere",http://vespasianodabisticciletters.unibo.it,TRUE,FALSE,FALSE,FALSE,,,FALSE,,FALSE,Catalogue Digital Editions,,,2014-05-18 02:20:53,2025-02-06 22:50:18
Università Statale di Milano,Italy ELT Archive,https://italy-elt-archive.unimi.it/,TRUE,FALSE,FALSE,FALSE,,,FALSE,,FALSE,IRCDL,,,2024-09-14 17:50:47,2026-02-28 00:49:54
Centro del restauro di Venaria,Archivio digitale Venaria,https://www.centrorestaurovenaria.it/archivio-digitale-ccr/,TRUE,FALSE,FALSE,FALSE,,,FALSE,,FALSE,AIUCD,,,2024-10-26 02:59:27,2024-11-10 21:24:23
Università di Lubiana,LORIS,https://www.jeziknaklik.it/loris/,TRUE,FALSE,FALSE,FALSE,,,FALSE,,FALSE,AIUCD,,,2023-03-27 01:13:19,2026-01-09 07:22:09
Università Federico II di Napoli,Magic,https://www.magic.unina.it/,TRUE,FALSE,FALSE,FALSE,,,FALSE,,FALSE,AIUCD,,,2024-07-31 07:58:46,2026-01-20 07:10:30
Fondazione Giannino Bassetti,Centro Documentazione Bassetti,https://centrodocumentazione.fondazionebassetti.org/,TRUE,FALSE,FALSE,FALSE,,,FALSE,,FALSE,AIUCD,,,2025-04-05 00:08:30,2026-01-25 13:03:03
Università di Bologna,Carteggio Canneti Fiacchi,https://esdcarteggiocannetifiacchi.unibo.it/#/imgTxt?d=DLCL_CF_E10001&p=DLCL_CF_E10001_L_C1R,TRUE,FALSE,FALSE,FALSE,,,FALSE,,FALSE,AIUCD,,,2025-03-07 09:49:07,2025-07-03 11:16:36
Università di Salerno,Limina,https://limina.dantelimina.it/,TRUE,FALSE,FALSE,FALSE,,,FALSE,,FALSE,AIUCD,,,2024-11-19 03:23:13,2025-09-09 10:04:14
Università di Salerno,Dante Limina,https://dantelimina.it/matrix/public/,TRUE,FALSE,FALSE,FALSE,,,FALSE,,FALSE,AIUCD,,,2025-06-12 23:49:02,2026-01-13 12:00:13
Università di Salerno,Dante,https://dante.dantelimina.it/home,TRUE,FALSE,FALSE,FALSE,,,FALSE,,FALSE,AIUCD,,,2025-06-12 23:50:58,2025-06-13 01:01:30
Parco Archeologico di Siracusa,Taccuini di Paolo Orsi,https://app.transkribus.org/sites/taccuini-paolo-orsi,TRUE,FALSE,FALSE,FALSE,,,FALSE,,FALSE,AIUCD,,,2024-11-30 06:15:22,2025-06-13 02:05:14
,Glottolab,https://glottolab.z6.web.core.windows.net/,TRUE,FALSE,FALSE,FALSE,,,FALSE,,FALSE,AIUCD,,,2025-06-13 01:33:59,2025-06-13 02:18:25
Università Statale di Milano,Liita,https://www.liita.it,TRUE,FALSE,FALSE,FALSE,,,FALSE,,FALSE,AIUCD,,,2024-04-23 16:10:22,2026-02-10 00:49:48
,CHIt,https://chit.chitontove.it/risorse,TRUE,FALSE,FALSE,TRUE,,,FALSE,,FALSE,AIUCD,,,2025-06-13 00:08:54,2025-06-13 00:18:25
Università di Bologna,uniVOCittà,https://univocitta.github.io/UniVOCItta/,TRUE,FALSE,FALSE,FALSE,,,FALSE,,FALSE,AIUCD,,,2025-06-13 00:49:57,2025-06-13 13:56:11
